timestamp,kind,model,device,input_tokens,output_tokens,reason,returncode,log_file
2026-09-08 05:02:31,output_scaling,phi-3.5-mini-int4,NPU,1024,128,FAILED with return code 2,2,/home/semix/apdesai_openvino_intel_mtp/MTP/results/experiment2_bottleneck_logs/20260908_050058/0003_output_scaling_phi-3.5-mini-int4_NPU_in1024_out128.log
2026-09-08 05:03:27,output_scaling,phi-3.5-mini-int4,NPU,1024,256,FAILED with return code 2,2,/home/semix/apdesai_openvino_intel_mtp/MTP/results/experiment2_bottleneck_logs/20260908_050058/0006_output_scaling_phi-3.5-mini-int4_NPU_in1024_out256.log
2026-09-08 05:04:45,output_scaling,phi-3.5-mini-int4,NPU,1024,512,FAILED with return code 2,2,/home/semix/apdesai_openvino_intel_mtp/MTP/results/experiment2_bottleneck_logs/20260908_050058/0009_output_scaling_phi-3.5-mini-int4_NPU_in1024_out512.log
2026-09-08 05:06:50,output_scaling,phi-3.5-mini-int4,NPU,1024,1024,FAILED with return code 2,2,/home/semix/apdesai_openvino_intel_mtp/MTP/results/experiment2_bottleneck_logs/20260908_050058/0012_output_scaling_phi-3.5-mini-int4_NPU_in1024_out1024.log
2026-09-08 05:10:39,output_scaling,phi-3.5-mini-int4,NPU,1024,2048,FAILED with return code 2,2,/home/semix/apdesai_openvino_intel_mtp/MTP/results/experiment2_bottleneck_logs/20260908_050058/0015_output_scaling_phi-3.5-mini-int4_NPU_in1024_out2048.log
2026-09-08 05:18:36,output_scaling,phi-3.5-mini-int4,NPU,1024,4096,FAILED with return code 2,2,/home/semix/apdesai_openvino_intel_mtp/MTP/results/experiment2_bottleneck_logs/20260908_050058/0018_output_scaling_phi-3.5-mini-int4_NPU_in1024_out4096.log
2026-09-08 05:24:58,output_scaling,phi-3.5-mini-int4,NPU,1024,8192,FAILED with return code 2,2,/home/semix/apdesai_openvino_intel_mtp/MTP/results/experiment2_bottleneck_logs/20260908_050058/0020_output_scaling_phi-3.5-mini-int4_NPU_in1024_out8192.log
2026-09-08 06:20:23,output_scaling,phi-3.5-mini-int4,NPU,1024,16384,FAILED with return code 2,2,/home/semix/apdesai_openvino_intel_mtp/MTP/results/experiment2_bottleneck_logs/20260908_050058/0023_output_scaling_phi-3.5-mini-int4_NPU_in1024_out16384.log
2026-09-08 09:16:17,output_scaling,phi-3.5-mini-int4,NPU,1024,32768,FAILED with return code 2,2,/home/semix/apdesai_openvino_intel_mtp/MTP/results/experiment2_bottleneck_logs/20260908_050058/0026_output_scaling_phi-3.5-mini-int4_NPU_in1024_out32768.log
2026-09-08 19:29:00,output_scaling,phi-3.5-mini-int4,GPU,1024,65536,FAILED with return code 2,2,/home/semix/apdesai_openvino_intel_mtp/MTP/results/experiment2_bottleneck_logs/20260908_050058/0028_output_scaling_phi-3.5-mini-int4_GPU_in1024_out65536.log
2026-09-08 19:29:35,output_scaling,phi-3.5-mini-int4,NPU,1024,65536,FAILED with return code 2,2,/home/semix/apdesai_openvino_intel_mtp/MTP/results/experiment2_bottleneck_logs/20260908_050058/0029_output_scaling_phi-3.5-mini-int4_NPU_in1024_out65536.log
2026-09-08 19:31:31,output_scaling,qwen3-4b-fp16-ov,NPU,1024,128,FAILED with return code 2,2,/home/semix/apdesai_openvino_intel_mtp/MTP/results/experiment2_bottleneck_logs/20260908_050058/0032_output_scaling_qwen3-4b-fp16-ov_NPU_in1024_out128.log
2026-09-08 19:33:41,output_scaling,qwen3-4b-fp16-ov,NPU,1024,256,FAILED with return code 2,2,/home/semix/apdesai_openvino_intel_mtp/MTP/results/experiment2_bottleneck_logs/20260908_050058/0035_output_scaling_qwen3-4b-fp16-ov_NPU_in1024_out256.log
2026-09-08 19:36:53,output_scaling,qwen3-4b-fp16-ov,NPU,1024,512,FAILED with return code 2,2,/home/semix/apdesai_openvino_intel_mtp/MTP/results/experiment2_bottleneck_logs/20260908_050058/0038_output_scaling_qwen3-4b-fp16-ov_NPU_in1024_out512.log
2026-09-08 19:42:17,output_scaling,qwen3-4b-fp16-ov,NPU,1024,1024,FAILED with return code 2,2,/home/semix/apdesai_openvino_intel_mtp/MTP/results/experiment2_bottleneck_logs/20260908_050058/0041_output_scaling_qwen3-4b-fp16-ov_NPU_in1024_out1024.log
2026-09-08 19:52:20,output_scaling,qwen3-4b-fp16-ov,NPU,1024,2048,FAILED with return code 2,2,/home/semix/apdesai_openvino_intel_mtp/MTP/results/experiment2_bottleneck_logs/20260908_050058/0044_output_scaling_qwen3-4b-fp16-ov_NPU_in1024_out2048.log
2026-09-08 20:12:06,output_scaling,qwen3-4b-fp16-ov,NPU,1024,4096,FAILED with return code 2,2,/home/semix/apdesai_openvino_intel_mtp/MTP/results/experiment2_bottleneck_logs/20260908_050058/0047_output_scaling_qwen3-4b-fp16-ov_NPU_in1024_out4096.log
2026-09-08 20:27:45,output_scaling,qwen3-4b-fp16-ov,NPU,1024,8192,FAILED with return code 2,2,/home/semix/apdesai_openvino_intel_mtp/MTP/results/experiment2_bottleneck_logs/20260908_050058/0049_output_scaling_qwen3-4b-fp16-ov_NPU_in1024_out8192.log
2026-09-08 21:58:23,output_scaling,qwen3-4b-fp16-ov,NPU,1024,16384,FAILED with return code 2,2,/home/semix/apdesai_openvino_intel_mtp/MTP/results/experiment2_bottleneck_logs/20260908_050058/0052_output_scaling_qwen3-4b-fp16-ov_NPU_in1024_out16384.log
2026-09-09 01:43:06,output_scaling,qwen3-4b-fp16-ov,NPU,1024,32768,FAILED with return code 2,2,/home/semix/apdesai_openvino_intel_mtp/MTP/results/experiment2_bottleneck_logs/20260908_050058/0055_output_scaling_qwen3-4b-fp16-ov_NPU_in1024_out32768.log
2026-09-09 12:23:25,output_scaling,qwen3-4b-fp16-ov,NPU,1024,65536,FAILED with return code 2,2,/home/semix/apdesai_openvino_intel_mtp/MTP/results/experiment2_bottleneck_logs/20260908_050058/0058_output_scaling_qwen3-4b-fp16-ov_NPU_in1024_out65536.log
2026-09-09 12:27:08,output_scaling,qwen3-8b-fp16-ov,NPU,1024,128,FAILED with return code 2,2,/home/semix/apdesai_openvino_intel_mtp/MTP/results/experiment2_bottleneck_logs/20260908_050058/0061_output_scaling_qwen3-8b-fp16-ov_NPU_in1024_out128.log
2026-09-09 12:31:20,output_scaling,qwen3-8b-fp16-ov,NPU,1024,256,FAILED with return code 2,2,/home/semix/apdesai_openvino_intel_mtp/MTP/results/experiment2_bottleneck_logs/20260908_050058/0064_output_scaling_qwen3-8b-fp16-ov_NPU_in1024_out256.log
2026-09-09 12:37:37,output_scaling,qwen3-8b-fp16-ov,NPU,1024,512,FAILED with return code 2,2,/home/semix/apdesai_openvino_intel_mtp/MTP/results/experiment2_bottleneck_logs/20260908_050058/0067_output_scaling_qwen3-8b-fp16-ov_NPU_in1024_out512.log
2026-09-09 12:48:31,output_scaling,qwen3-8b-fp16-ov,NPU,1024,1024,FAILED with return code 2,2,/home/semix/apdesai_openvino_intel_mtp/MTP/results/experiment2_bottleneck_logs/20260908_050058/0070_output_scaling_qwen3-8b-fp16-ov_NPU_in1024_out1024.log
2026-09-09 13:07:40,output_scaling,qwen3-8b-fp16-ov,NPU,1024,2048,FAILED with return code 2,2,/home/semix/apdesai_openvino_intel_mtp/MTP/results/experiment2_bottleneck_logs/20260908_050058/0073_output_scaling_qwen3-8b-fp16-ov_NPU_in1024_out2048.log
2026-09-09 13:44:56,output_scaling,qwen3-8b-fp16-ov,NPU,1024,4096,FAILED with return code 2,2,/home/semix/apdesai_openvino_intel_mtp/MTP/results/experiment2_bottleneck_logs/20260908_050058/0076_output_scaling_qwen3-8b-fp16-ov_NPU_in1024_out4096.log
2026-09-09 15:00:10,output_scaling,qwen3-8b-fp16-ov,NPU,1024,8192,FAILED with return code 2,2,/home/semix/apdesai_openvino_intel_mtp/MTP/results/experiment2_bottleneck_logs/20260908_050058/0079_output_scaling_qwen3-8b-fp16-ov_NPU_in1024_out8192.log
2026-09-09 17:39:21,output_scaling,qwen3-8b-fp16-ov,NPU,1024,16384,FAILED with return code 2,2,/home/semix/apdesai_openvino_intel_mtp/MTP/results/experiment2_bottleneck_logs/20260908_050058/0082_output_scaling_qwen3-8b-fp16-ov_NPU_in1024_out16384.log
2026-09-09 23:45:01,output_scaling,qwen3-8b-fp16-ov,NPU,1024,32768,FAILED with return code 2,2,/home/semix/apdesai_openvino_intel_mtp/MTP/results/experiment2_bottleneck_logs/20260908_050058/0085_output_scaling_qwen3-8b-fp16-ov_NPU_in1024_out32768.log
2026-09-10 12:31:37,output_scaling,qwen3-8b-fp16-ov,GPU,1024,65536,FAILED with return code -9,-9,/home/semix/apdesai_openvino_intel_mtp/MTP/results/experiment2_bottleneck_logs/20260908_050058/0087_output_scaling_qwen3-8b-fp16-ov_GPU_in1024_out65536.log
2026-09-10 12:34:24,output_scaling,qwen3-8b-fp16-ov,NPU,1024,65536,FAILED with return code -9,-9,/home/semix/apdesai_openvino_intel_mtp/MTP/results/experiment2_bottleneck_logs/20260908_050058/0088_output_scaling_qwen3-8b-fp16-ov_NPU_in1024_out65536.log
